{
  "loot": {
    "C": [
      {
        "icon": "Ancient Drawback",
        "name": "Ancient Drawback",
        "stats": {
          "Money Obtained": -0.10,
          "XP Obtained": 0.35
        }
      },
      {
        "icon": "Trained Muscles",
        "name": "Trained Muscles",
        "stats": {
          "Shot Damage": 10
        }
      },
      {
        "icon": "Materials",
        "name": "Materials",
        "stats": {
          "Projectile Size": 0.35
        }
      },
      {
        "icon": "Multishot",
        "name": "Multishot",
        "stats": {
          "Projectile Shot": 1,
          "Projectile Damage": -0.50
        }
      },
      {
        "icon": "Quick Moves",
        "name": "Quick Moves",
        "stats": {
          "Fire Rate": 0.40,
          "Knockback": -0.50
        }
      },
      {
        "icon": "Health Aura",
        "name": "Health Aura",
        "stats": {
          "Max HP": 20
        }
      },
      {
        "icon": "Wealth Texts",
        "name": "Wealth Texts",
        "stats": {
          "Money Obtained": 0.35
        }
      },
      {
        "icon": "Sight of Light",
        "name": "Sight of Light",
        "stats": {
          "Projectile Speed": 0.50
        }
      },
      {
        "icon": "Bug of Power",
        "name": "Bug of Power",
        "stats": {
          "Projectile Damage": 0.45
        }
      },
      {
        "icon": "Glass Cannon",
        "name": "Glass Cannon",
        "stats": {
          "Max HP": -10,
          "Knockback": 0.40
        }
      }
    ],
    "B": [
      {
        "icon": "Living Projectile",
        "name": "Living Projectile",
        "stats": {
          "Projectile Shot": 1,
          "Fire Rate": -0.20
        }
      },
      {
        "icon": "Sack",
        "name": "Sack",
        "stats": {
          "Money Obtained": 0.45
        }
      },
      {
        "icon": "Determination",
        "name": "Determination",
        "stats": {
          "Projectile Damage": 0.60
        }
      },
      {
        "icon": "Spectral Channeling",
        "name": "Spectral Channeling",
        "stats": {
          "Money Obtained": 0.20,
          "XP Obtained": 0.20
        }
      },
      {
        "icon": "Wind Golem",
        "name": "Wind Golem",
        "stats": {
          "Knockback": 0.50
        }
      },
      {
        "icon": "Launch Staff",
        "name": "Launch Staff",
        "stats": {
          "Projectile Speed": 0.45
        }
      },
      {
        "icon": "Steady Hand",
        "name": "Steady Hand",
        "stats": {
          "Aim Cone": -35
        }
      }
    ],
    "D": [
      {
        "icon": "Hand of Greed",
        "name": "Hand of Greed",
        "stats": {
          "Money Obtained": 0.35
        }
      },
      {
        "icon": "Bear Power",
        "name": "Bear Power",
        "stats": {
          "Projectile Speed": 0.35
        }
      },
      {
        "icon": "Split Shot",
        "name": "Split Shot",
        "stats": {
          "Projectile Shot": 1,
          "Projectile Damage": -0.70
        }
      },
      {
        "icon": "Wind Glove",
        "name": "Wind Glove",
        "stats": {
          "Knockback": 0.35
        }
      },
      {
        "icon": "Life Necklace",
        "name": "Life Necklace",
        "stats": {
          "Max HP": 10
        }
      },
      {
        "icon": "Scientific Knowledge",
        "name": "Scientific Knowledge",
        "stats": {
          "XP Obtained": 0.25
        }
      }
    ],
    "E": [
      {
        "icon": "Sharp Shoot",
        "name": "Sharp Shoot",
        "stats": {
          "Shot Damage": 1.5
        }
      },
      {
        "icon": "Keen Eye",
        "name": "Keen Eye",
        "stats": {
          "Aim Cone": -5
        }
      },
      {
        "icon": "Berserk DNA",
        "name": "Berserk DNA",
        "stats": {
          "Aim Cone": 20,
          "Shot Damage": 3
        }
      },
      {
        "icon": "Strong Potion",
        "name": "Strong Potion",
        "stats": {
          "Projectile Damage": 0.20
        }
      },
      {
        "icon": "Heavy Weapon",
        "name": "Heavy Weapon",
        "stats": {
          "Shot Damage": 5,
          "Fire Rate": -0.25
        }
      },
      {
        "icon": "Speed Rune",
        "name": "Speed Rune",
        "stats": {
          "Fire Rate": 0.15
        }
      },
      {
        "icon": "Rich Ghost",
        "name": "Rich Ghost",
        "stats": {
          "Money Obtained": 15
        }
      },
      {
        "icon": "Water Mend",
        "name": "Water Mend",
        "stats": {
          "Max HP": 5
        }
      }
    ]
  }
}